text,cleaned_text,created_at,user,vader_compound,vader_pos,vader_neu,vader_neg,textblob_polarity,textblob_subjectivity
BTC fundamentals are stronger than ever. Buy the dip!,BTC fundamentals are stronger than ever. Buy the dip!,2025-02-02 10:51:03+00:00,crypto_user_4522,1.0,1.0,0.0,0.0,1.0,0.5
Whales dumping BTC. Price manipulation is real.,Whales dumping BTC. Price manipulation is real.,2025-03-09 11:27:14+00:00,crypto_user_8195,-1.0,0.0,0.0,1.0,-1.0,0.5
BTC looking bearish. Might drop to ${price},BTC looking bearish. Might drop to ${price},2025-02-08 19:21:20+00:00,crypto_user_1813,-1.0,0.0,0.0,1.0,-1.0,0.5
Analyzing BTC on-chain metrics. Data is inconclusive.,Analyzing BTC on-chain metrics. Data is inconclusive.,2025-01-29 20:22:07+00:00,crypto_user_1683,0.0,0.5,1.0,0.5,0.0,0.5
BTC looking bullish today! Price target ${price},BTC looking bullish today! Price target ${price},2025-03-12 04:48:54+00:00,crypto_user_9611,1.0,1.0,0.0,0.0,1.0,0.5
New BTC update announced. Impact on price unclear.,New BTC update announced. Impact on price unclear.,2025-02-02 04:00:12+00:00,crypto_user_3926,0.0,0.5,1.0,0.5,0.0,0.5
BTC trading sideways today. Waiting for a breakout.,BTC trading sideways today. Waiting for a breakout.,2025-03-10 17:11:32+00:00,crypto_user_6740,0.0,0.5,1.0,0.5,0.0,0.5
Institutional adoption of BTC is increasing. Bullish!,Institutional adoption of BTC is increasing. Bullish!,2025-02-24 19:44:02+00:00,crypto_user_5339,1.0,1.0,0.0,0.0,1.0,0.5
BTC trading sideways today. Waiting for a breakout.,BTC trading sideways today. Waiting for a breakout.,2025-03-12 09:18:56+00:00,crypto_user_7232,0.0,0.5,1.0,0.5,0.0,0.5
The BTC rally was just a dead cat bounce. More downside ahead.,The BTC rally was just a dead cat bounce. More downside ahead.,2025-03-02 12:45:27+00:00,crypto_user_8066,0.0,0.5,0.0,0.5,0.0,0.5
BTC breaking key support levels. Be careful!,BTC breaking key support levels. Be careful!,2025-02-23 20:49:40+00:00,crypto_user_6584,0.0,0.5,0.0,0.5,0.0,0.5
The future is bright for BTC. New ATH coming soon!,The future is bright for BTC. New ATH coming soon!,2025-03-11 05:16:43+00:00,crypto_user_9494,1.0,1.0,0.0,0.0,1.0,0.5
The BTC ecosystem is growing rapidly. Very optimistic!,The BTC ecosystem is growing rapidly. Very optimistic!,2025-03-08 03:49:43+00:00,crypto_user_2138,1.0,1.0,0.0,0.0,1.0,0.5
The future is bright for BTC. New ATH coming soon!,The future is bright for BTC. New ATH coming soon!,2025-02-06 03:57:49+00:00,crypto_user_2375,1.0,1.0,0.0,0.0,1.0,0.5
Regulatory concerns for BTC are mounting. Proceed with caution.,Regulatory concerns for BTC are mounting. Proceed with caution.,2025-02-12 07:02:56+00:00,crypto_user_7647,-1.0,0.0,0.0,1.0,-1.0,0.5
BTC breaking key support levels. Be careful!,BTC breaking key support levels. Be careful!,2025-03-12 23:29:40+00:00,crypto_user_6765,0.0,0.5,0.0,0.5,0.0,0.5
Comparing BTC to other cryptocurrencies. Mixed results.,Comparing BTC to other cryptocurrencies. Mixed results.,2025-01-28 07:21:13+00:00,crypto_user_7373,0.0,0.5,1.0,0.5,0.0,0.5
This BTC rally is just getting started! ðŸš€,This BTC rally is just getting started! ðŸš€,2025-02-23 14:07:19+00:00,crypto_user_3711,1.0,1.0,0.0,0.0,1.0,0.5
BTC looking bullish today! Price target ${price},BTC looking bullish today! Price target ${price},2025-01-28 00:53:49+00:00,crypto_user_7189,1.0,1.0,0.0,0.0,1.0,0.5
BTC volatility has decreased recently. Consolidation phase?,BTC volatility has decreased recently. Consolidation phase?,2025-02-26 17:21:04+00:00,crypto_user_8385,0.0,0.5,1.0,0.5,0.0,0.5
The future is bright for BTC. New ATH coming soon!,The future is bright for BTC. New ATH coming soon!,2025-02-02 17:28:41+00:00,crypto_user_5130,1.0,1.0,0.0,0.0,1.0,0.5
BTC fundamentals are stronger than ever. Buy the dip!,BTC fundamentals are stronger than ever. Buy the dip!,2025-03-03 00:04:14+00:00,crypto_user_3896,1.0,1.0,0.0,0.0,1.0,0.5
Technical indicators show BTC is overbought. Correction incoming.,Technical indicators show BTC is overbought. Correction incoming.,2025-02-01 07:16:22+00:00,crypto_user_7589,-1.0,0.0,0.0,1.0,-1.0,0.5
Interesting developments in the BTC ecosystem.,Interesting developments in the BTC ecosystem.,2025-03-13 21:22:01+00:00,crypto_user_3687,0.0,0.5,1.0,0.5,0.0,0.5
The BTC ecosystem is growing rapidly. Very optimistic!,The BTC ecosystem is growing rapidly. Very optimistic!,2025-02-04 11:04:18+00:00,crypto_user_7837,1.0,1.0,0.0,0.0,1.0,0.5
Whales dumping BTC. Price manipulation is real.,Whales dumping BTC. Price manipulation is real.,2025-02-15 11:07:22+00:00,crypto_user_1853,-1.0,0.0,0.0,1.0,-1.0,0.5
Monitoring BTC price action. No clear direction yet.,Monitoring BTC price action. No clear direction yet.,2025-03-05 01:26:57+00:00,crypto_user_2382,0.0,0.5,1.0,0.5,0.0,0.5
New BTC update announced. Impact on price unclear.,New BTC update announced. Impact on price unclear.,2025-03-16 23:49:03+00:00,crypto_user_2214,0.0,0.5,1.0,0.5,0.0,0.5
Institutional adoption of BTC is increasing. Bullish!,Institutional adoption of BTC is increasing. Bullish!,2025-02-12 23:25:19+00:00,crypto_user_2144,1.0,1.0,0.0,0.0,1.0,0.5
The BTC ecosystem is growing rapidly. Very optimistic!,The BTC ecosystem is growing rapidly. Very optimistic!,2025-03-06 06:07:59+00:00,crypto_user_3353,1.0,1.0,0.0,0.0,1.0,0.5
The future is bright for BTC. New ATH coming soon!,The future is bright for BTC. New ATH coming soon!,2025-02-13 03:28:48+00:00,crypto_user_1860,1.0,1.0,0.0,0.0,1.0,0.5
Regulatory concerns for BTC are mounting. Proceed with caution.,Regulatory concerns for BTC are mounting. Proceed with caution.,2025-03-21 03:51:44+00:00,crypto_user_3993,-1.0,0.0,0.0,1.0,-1.0,0.5
Comparing BTC to other cryptocurrencies. Mixed results.,Comparing BTC to other cryptocurrencies. Mixed results.,2025-03-18 08:58:26+00:00,crypto_user_9691,0.0,0.5,1.0,0.5,0.0,0.5
The BTC market is maturing. Expect less volatility.,The BTC market is maturing. Expect less volatility.,2025-01-24 05:09:35+00:00,crypto_user_2530,0.0,0.5,1.0,0.5,0.0,0.5
The BTC rally was just a dead cat bounce. More downside ahead.,The BTC rally was just a dead cat bounce. More downside ahead.,2025-02-15 00:33:46+00:00,crypto_user_3898,0.0,0.5,0.0,0.5,0.0,0.5
Whales dumping BTC. Price manipulation is real.,Whales dumping BTC. Price manipulation is real.,2025-03-02 23:20:22+00:00,crypto_user_9516,-1.0,0.0,0.0,1.0,-1.0,0.5
Institutional adoption of BTC is increasing. Bullish!,Institutional adoption of BTC is increasing. Bullish!,2025-02-22 15:37:28+00:00,crypto_user_7836,1.0,1.0,0.0,0.0,1.0,0.5
Just sold my BTC. Too much volatility for me.,Just sold my BTC. Too much volatility for me.,2025-02-27 23:02:45+00:00,crypto_user_4025,-1.0,0.0,0.0,1.0,-1.0,0.5
Monitoring BTC price action. No clear direction yet.,Monitoring BTC price action. No clear direction yet.,2025-03-17 20:40:07+00:00,crypto_user_9031,0.0,0.5,1.0,0.5,0.0,0.5
The BTC ecosystem is growing rapidly. Very optimistic!,The BTC ecosystem is growing rapidly. Very optimistic!,2025-03-13 07:19:51+00:00,crypto_user_9236,1.0,1.0,0.0,0.0,1.0,0.5
Fundamentals don't support current BTC valuation. Overpriced!,Fundamentals don't support current BTC valuation. Overpriced!,2025-01-29 14:30:45+00:00,crypto_user_8987,0.0,0.5,0.0,0.5,0.0,0.5
BTC trading sideways today. Waiting for a breakout.,BTC trading sideways today. Waiting for a breakout.,2025-02-12 11:13:55+00:00,crypto_user_5567,0.0,0.5,1.0,0.5,0.0,0.5
The BTC ecosystem is growing rapidly. Very optimistic!,The BTC ecosystem is growing rapidly. Very optimistic!,2025-03-18 22:38:49+00:00,crypto_user_9362,1.0,1.0,0.0,0.0,1.0,0.5
Just bought more BTC! Expecting a rally to ${price},Just bought more BTC! Expecting a rally to ${price},2025-03-08 14:58:35+00:00,crypto_user_2916,1.0,1.0,0.0,0.0,1.0,0.5
Monitoring BTC price action. No clear direction yet.,Monitoring BTC price action. No clear direction yet.,2025-03-15 04:26:45+00:00,crypto_user_3998,0.0,0.5,1.0,0.5,0.0,0.5
The BTC market is maturing. Expect less volatility.,The BTC market is maturing. Expect less volatility.,2025-03-20 15:47:36+00:00,crypto_user_7646,0.0,0.5,1.0,0.5,0.0,0.5
The BTC rally was just a dead cat bounce. More downside ahead.,The BTC rally was just a dead cat bounce. More downside ahead.,2025-02-08 15:21:10+00:00,crypto_user_3903,0.0,0.5,0.0,0.5,0.0,0.5
The BTC market is maturing. Expect less volatility.,The BTC market is maturing. Expect less volatility.,2025-03-15 16:29:35+00:00,crypto_user_9702,0.0,0.5,1.0,0.5,0.0,0.5
The future is bright for BTC. New ATH coming soon!,The future is bright for BTC. New ATH coming soon!,2025-02-22 20:19:58+00:00,crypto_user_6779,1.0,1.0,0.0,0.0,1.0,0.5
New BTC update announced. Impact on price unclear.,New BTC update announced. Impact on price unclear.,2025-02-07 12:20:53+00:00,crypto_user_1266,0.0,0.5,1.0,0.5,0.0,0.5
Comparing BTC to other cryptocurrencies. Mixed results.,Comparing BTC to other cryptocurrencies. Mixed results.,2025-02-09 20:13:17+00:00,crypto_user_5112,0.0,0.5,1.0,0.5,0.0,0.5
Comparing BTC to other cryptocurrencies. Mixed results.,Comparing BTC to other cryptocurrencies. Mixed results.,2025-01-27 07:40:48+00:00,crypto_user_5548,0.0,0.5,1.0,0.5,0.0,0.5
New BTC update announced. Impact on price unclear.,New BTC update announced. Impact on price unclear.,2025-02-09 16:59:23+00:00,crypto_user_2848,0.0,0.5,1.0,0.5,0.0,0.5
BTC technical analysis shows strong support. Hodl!,BTC technical analysis shows strong support. Hodl!,2025-03-03 23:08:56+00:00,crypto_user_2363,1.0,1.0,0.0,0.0,1.0,0.5
The future is bright for BTC. New ATH coming soon!,The future is bright for BTC. New ATH coming soon!,2025-02-23 22:25:02+00:00,crypto_user_3407,1.0,1.0,0.0,0.0,1.0,0.5
The BTC bubble is about to burst. Get out while you can!,The BTC bubble is about to burst. Get out while you can!,2025-01-31 06:12:00+00:00,crypto_user_6222,-1.0,0.0,0.0,1.0,-1.0,0.5
New BTC update announced. Impact on price unclear.,New BTC update announced. Impact on price unclear.,2025-02-07 00:33:21+00:00,crypto_user_9346,0.0,0.5,1.0,0.5,0.0,0.5
Long-term BTC holders will be rewarded. Patience pays!,Long-term BTC holders will be rewarded. Patience pays!,2025-02-09 13:43:11+00:00,crypto_user_6249,1.0,1.0,0.0,0.0,1.0,0.5
Monitoring BTC price action. No clear direction yet.,Monitoring BTC price action. No clear direction yet.,2025-02-14 15:09:02+00:00,crypto_user_4905,0.0,0.5,1.0,0.5,0.0,0.5
BTC volatility has decreased recently. Consolidation phase?,BTC volatility has decreased recently. Consolidation phase?,2025-01-30 07:17:28+00:00,crypto_user_5141,0.0,0.5,1.0,0.5,0.0,0.5
Historical BTC patterns suggest we're in uncharted territory.,Historical BTC patterns suggest we're in uncharted territory.,2025-02-19 04:08:48+00:00,crypto_user_6674,0.0,0.5,1.0,0.5,0.0,0.5
Technical indicators show BTC is overbought. Correction incoming.,Technical indicators show BTC is overbought. Correction incoming.,2025-02-21 22:27:38+00:00,crypto_user_3292,-1.0,0.0,0.0,1.0,-1.0,0.5
BTC looking bearish. Might drop to ${price},BTC looking bearish. Might drop to ${price},2025-02-07 08:12:21+00:00,crypto_user_4130,-1.0,0.0,0.0,1.0,-1.0,0.5
BTC looking bearish. Might drop to ${price},BTC looking bearish. Might drop to ${price},2025-02-20 01:09:58+00:00,crypto_user_2558,-1.0,0.0,0.0,1.0,-1.0,0.5
The future is bright for BTC. New ATH coming soon!,The future is bright for BTC. New ATH coming soon!,2025-02-22 05:02:05+00:00,crypto_user_1624,1.0,1.0,0.0,0.0,1.0,0.5
BTC technical analysis shows strong support. Hodl!,BTC technical analysis shows strong support. Hodl!,2025-02-27 10:20:30+00:00,crypto_user_2610,1.0,1.0,0.0,0.0,1.0,0.5
BTC breaking key support levels. Be careful!,BTC breaking key support levels. Be careful!,2025-02-10 00:21:56+00:00,crypto_user_9728,0.0,0.5,0.0,0.5,0.0,0.5
Monitoring BTC price action. No clear direction yet.,Monitoring BTC price action. No clear direction yet.,2025-02-25 05:37:08+00:00,crypto_user_9749,0.0,0.5,1.0,0.5,0.0,0.5
BTC volatility has decreased recently. Consolidation phase?,BTC volatility has decreased recently. Consolidation phase?,2025-03-16 07:11:29+00:00,crypto_user_6345,0.0,0.5,1.0,0.5,0.0,0.5
The BTC rally was just a dead cat bounce. More downside ahead.,The BTC rally was just a dead cat bounce. More downside ahead.,2025-02-21 11:09:43+00:00,crypto_user_2807,0.0,0.5,0.0,0.5,0.0,0.5
BTC volatility has decreased recently. Consolidation phase?,BTC volatility has decreased recently. Consolidation phase?,2025-03-03 01:37:53+00:00,crypto_user_7010,0.0,0.5,1.0,0.5,0.0,0.5
Monitoring BTC price action. No clear direction yet.,Monitoring BTC price action. No clear direction yet.,2025-01-25 16:29:21+00:00,crypto_user_5237,0.0,0.5,1.0,0.5,0.0,0.5
BTC technical analysis shows strong support. Hodl!,BTC technical analysis shows strong support. Hodl!,2025-02-16 15:27:40+00:00,crypto_user_7408,1.0,1.0,0.0,0.0,1.0,0.5
Historical BTC patterns suggest we're in uncharted territory.,Historical BTC patterns suggest we're in uncharted territory.,2025-03-03 07:21:14+00:00,crypto_user_3647,0.0,0.5,1.0,0.5,0.0,0.5
The BTC rally was just a dead cat bounce. More downside ahead.,The BTC rally was just a dead cat bounce. More downside ahead.,2025-01-24 14:19:23+00:00,crypto_user_9396,0.0,0.5,0.0,0.5,0.0,0.5
Monitoring BTC price action. No clear direction yet.,Monitoring BTC price action. No clear direction yet.,2025-03-20 14:10:54+00:00,crypto_user_3777,0.0,0.5,1.0,0.5,0.0,0.5
The BTC bubble is about to burst. Get out while you can!,The BTC bubble is about to burst. Get out while you can!,2025-02-22 04:32:54+00:00,crypto_user_9094,-1.0,0.0,0.0,1.0,-1.0,0.5
BTC fundamentals are stronger than ever. Buy the dip!,BTC fundamentals are stronger than ever. Buy the dip!,2025-01-29 14:12:42+00:00,crypto_user_4880,1.0,1.0,0.0,0.0,1.0,0.5
The BTC rally was just a dead cat bounce. More downside ahead.,The BTC rally was just a dead cat bounce. More downside ahead.,2025-02-10 04:54:42+00:00,crypto_user_2473,0.0,0.5,0.0,0.5,0.0,0.5
New BTC update announced. Impact on price unclear.,New BTC update announced. Impact on price unclear.,2025-01-21 11:40:26+00:00,crypto_user_3884,0.0,0.5,1.0,0.5,0.0,0.5
The future is bright for BTC. New ATH coming soon!,The future is bright for BTC. New ATH coming soon!,2025-01-22 03:02:25+00:00,crypto_user_6515,1.0,1.0,0.0,0.0,1.0,0.5
Long-term BTC holders will be rewarded. Patience pays!,Long-term BTC holders will be rewarded. Patience pays!,2025-03-19 06:17:24+00:00,crypto_user_2095,1.0,1.0,0.0,0.0,1.0,0.5
Monitoring BTC price action. No clear direction yet.,Monitoring BTC price action. No clear direction yet.,2025-02-07 08:33:46+00:00,crypto_user_8277,0.0,0.5,1.0,0.5,0.0,0.5
Accumulating BTC at these levels is a no-brainer.,Accumulating BTC at these levels is a no-brainer.,2025-03-09 14:36:36+00:00,crypto_user_1459,1.0,1.0,0.0,0.0,1.0,0.5
What's your price prediction for BTC this month?,What's your price prediction for BTC this month?,2025-02-09 21:04:32+00:00,crypto_user_5766,0.0,0.5,1.0,0.5,0.0,0.5
BTC technical analysis shows strong support. Hodl!,BTC technical analysis shows strong support. Hodl!,2025-03-03 19:27:26+00:00,crypto_user_1237,1.0,1.0,0.0,0.0,1.0,0.5
Historical BTC patterns suggest we're in uncharted territory.,Historical BTC patterns suggest we're in uncharted territory.,2025-03-05 04:07:13+00:00,crypto_user_5452,0.0,0.5,1.0,0.5,0.0,0.5
New BTC update announced. Impact on price unclear.,New BTC update announced. Impact on price unclear.,2025-02-01 02:44:49+00:00,crypto_user_2962,0.0,0.5,1.0,0.5,0.0,0.5
The BTC ecosystem is growing rapidly. Very optimistic!,The BTC ecosystem is growing rapidly. Very optimistic!,2025-03-06 02:13:32+00:00,crypto_user_2263,1.0,1.0,0.0,0.0,1.0,0.5
Regulatory concerns for BTC are mounting. Proceed with caution.,Regulatory concerns for BTC are mounting. Proceed with caution.,2025-01-27 00:25:06+00:00,crypto_user_7329,-1.0,0.0,0.0,1.0,-1.0,0.5
Monitoring BTC price action. No clear direction yet.,Monitoring BTC price action. No clear direction yet.,2025-02-07 13:15:26+00:00,crypto_user_8773,0.0,0.5,1.0,0.5,0.0,0.5
Institutional adoption of BTC is increasing. Bullish!,Institutional adoption of BTC is increasing. Bullish!,2025-02-15 16:29:12+00:00,crypto_user_5837,1.0,1.0,0.0,0.0,1.0,0.5
The BTC market is maturing. Expect less volatility.,The BTC market is maturing. Expect less volatility.,2025-02-18 11:11:15+00:00,crypto_user_3751,0.0,0.5,1.0,0.5,0.0,0.5
BTC looking bullish today! Price target ${price},BTC looking bullish today! Price target ${price},2025-02-06 12:39:31+00:00,crypto_user_7446,1.0,1.0,0.0,0.0,1.0,0.5
What's your price prediction for BTC this month?,What's your price prediction for BTC this month?,2025-02-26 00:47:26+00:00,crypto_user_7972,0.0,0.5,1.0,0.5,0.0,0.5
BTC looking bullish today! Price target ${price},BTC looking bullish today! Price target ${price},2025-02-28 11:24:45+00:00,crypto_user_1672,1.0,1.0,0.0,0.0,1.0,0.5
Just bought more BTC! Expecting a rally to ${price},Just bought more BTC! Expecting a rally to ${price},2025-02-04 12:54:23+00:00,crypto_user_6804,1.0,1.0,0.0,0.0,1.0,0.5
BTC breaking key support levels. Be careful!,BTC breaking key support levels. Be careful!,2025-03-03 10:24:03+00:00,crypto_user_2588,0.0,0.5,0.0,0.5,0.0,0.5
Fundamentals don't support current BTC valuation. Overpriced!,Fundamentals don't support current BTC valuation. Overpriced!,2025-03-08 02:25:49+00:00,crypto_user_2793,0.0,0.5,0.0,0.5,0.0,0.5
Fundamentals don't support current BTC valuation. Overpriced!,Fundamentals don't support current BTC valuation. Overpriced!,2025-01-27 11:13:20+00:00,crypto_user_9819,0.0,0.5,0.0,0.5,0.0,0.5
Fundamentals don't support current BTC valuation. Overpriced!,Fundamentals don't support current BTC valuation. Overpriced!,2025-02-16 04:18:13+00:00,crypto_user_6645,0.0,0.5,0.0,0.5,0.0,0.5
This BTC rally is just getting started! ðŸš€,This BTC rally is just getting started! ðŸš€,2025-02-14 06:00:03+00:00,crypto_user_3571,1.0,1.0,0.0,0.0,1.0,0.5
The BTC rally was just a dead cat bounce. More downside ahead.,The BTC rally was just a dead cat bounce. More downside ahead.,2025-01-21 09:53:15+00:00,crypto_user_8567,0.0,0.5,0.0,0.5,0.0,0.5
The future is bright for BTC. New ATH coming soon!,The future is bright for BTC. New ATH coming soon!,2025-02-09 21:48:20+00:00,crypto_user_6254,1.0,1.0,0.0,0.0,1.0,0.5
What's your price prediction for BTC this month?,What's your price prediction for BTC this month?,2025-02-12 13:47:18+00:00,crypto_user_3946,0.0,0.5,1.0,0.5,0.0,0.5
BTC looking bearish. Might drop to ${price},BTC looking bearish. Might drop to ${price},2025-03-18 09:54:52+00:00,crypto_user_3846,-1.0,0.0,0.0,1.0,-1.0,0.5
This BTC rally is just getting started! ðŸš€,This BTC rally is just getting started! ðŸš€,2025-03-18 22:15:05+00:00,crypto_user_3630,1.0,1.0,0.0,0.0,1.0,0.5
BTC volatility has decreased recently. Consolidation phase?,BTC volatility has decreased recently. Consolidation phase?,2025-02-19 06:47:30+00:00,crypto_user_6031,0.0,0.5,1.0,0.5,0.0,0.5
Interesting developments in the BTC ecosystem.,Interesting developments in the BTC ecosystem.,2025-03-11 22:15:48+00:00,crypto_user_1810,0.0,0.5,1.0,0.5,0.0,0.5
Historical BTC patterns suggest we're in uncharted territory.,Historical BTC patterns suggest we're in uncharted territory.,2025-02-21 15:36:39+00:00,crypto_user_2814,0.0,0.5,1.0,0.5,0.0,0.5
Comparing BTC to other cryptocurrencies. Mixed results.,Comparing BTC to other cryptocurrencies. Mixed results.,2025-02-01 23:36:34+00:00,crypto_user_9214,0.0,0.5,1.0,0.5,0.0,0.5
BTC looking bearish. Might drop to ${price},BTC looking bearish. Might drop to ${price},2025-03-20 01:34:33+00:00,crypto_user_5110,-1.0,0.0,0.0,1.0,-1.0,0.5
BTC looking bullish today! Price target ${price},BTC looking bullish today! Price target ${price},2025-03-07 13:10:57+00:00,crypto_user_3436,1.0,1.0,0.0,0.0,1.0,0.5
This BTC rally is just getting started! ðŸš€,This BTC rally is just getting started! ðŸš€,2025-02-12 18:01:05+00:00,crypto_user_1304,1.0,1.0,0.0,0.0,1.0,0.5
BTC volume declining. Not a good sign.,BTC volume declining. Not a good sign.,2025-02-02 16:20:33+00:00,crypto_user_9306,-1.0,0.0,0.0,1.0,-1.0,0.5
The BTC market is maturing. Expect less volatility.,The BTC market is maturing. Expect less volatility.,2025-03-13 20:04:25+00:00,crypto_user_2159,0.0,0.5,1.0,0.5,0.0,0.5
BTC looking bearish. Might drop to ${price},BTC looking bearish. Might drop to ${price},2025-02-07 07:39:03+00:00,crypto_user_9308,-1.0,0.0,0.0,1.0,-1.0,0.5
Interesting developments in the BTC ecosystem.,Interesting developments in the BTC ecosystem.,2025-02-14 15:09:28+00:00,crypto_user_6611,0.0,0.5,1.0,0.5,0.0,0.5
BTC trading sideways today. Waiting for a breakout.,BTC trading sideways today. Waiting for a breakout.,2025-02-26 23:08:24+00:00,crypto_user_7992,0.0,0.5,1.0,0.5,0.0,0.5
What's your price prediction for BTC this month?,What's your price prediction for BTC this month?,2025-03-01 05:29:51+00:00,crypto_user_4796,0.0,0.5,1.0,0.5,0.0,0.5
Accumulating BTC at these levels is a no-brainer.,Accumulating BTC at these levels is a no-brainer.,2025-01-29 02:49:58+00:00,crypto_user_3476,1.0,1.0,0.0,0.0,1.0,0.5
The future is bright for BTC. New ATH coming soon!,The future is bright for BTC. New ATH coming soon!,2025-03-12 13:53:27+00:00,crypto_user_8204,1.0,1.0,0.0,0.0,1.0,0.5
Fundamentals don't support current BTC valuation. Overpriced!,Fundamentals don't support current BTC valuation. Overpriced!,2025-03-09 20:23:30+00:00,crypto_user_4567,0.0,0.5,0.0,0.5,0.0,0.5
BTC trading sideways today. Waiting for a breakout.,BTC trading sideways today. Waiting for a breakout.,2025-03-04 17:25:10+00:00,crypto_user_6107,0.0,0.5,1.0,0.5,0.0,0.5
Technical indicators show BTC is overbought. Correction incoming.,Technical indicators show BTC is overbought. Correction incoming.,2025-01-24 16:27:30+00:00,crypto_user_1228,-1.0,0.0,0.0,1.0,-1.0,0.5
Analyzing BTC on-chain metrics. Data is inconclusive.,Analyzing BTC on-chain metrics. Data is inconclusive.,2025-03-14 02:48:40+00:00,crypto_user_9559,0.0,0.5,1.0,0.5,0.0,0.5
What's your price prediction for BTC this month?,What's your price prediction for BTC this month?,2025-02-09 17:59:27+00:00,crypto_user_6830,0.0,0.5,1.0,0.5,0.0,0.5
The future is bright for BTC. New ATH coming soon!,The future is bright for BTC. New ATH coming soon!,2025-02-02 05:32:21+00:00,crypto_user_2559,1.0,1.0,0.0,0.0,1.0,0.5
Institutional adoption of BTC is increasing. Bullish!,Institutional adoption of BTC is increasing. Bullish!,2025-02-11 09:46:38+00:00,crypto_user_2216,1.0,1.0,0.0,0.0,1.0,0.5
BTC trading sideways today. Waiting for a breakout.,BTC trading sideways today. Waiting for a breakout.,2025-01-24 23:37:35+00:00,crypto_user_4369,0.0,0.5,1.0,0.5,0.0,0.5
The BTC bubble is about to burst. Get out while you can!,The BTC bubble is about to burst. Get out while you can!,2025-01-25 09:40:10+00:00,crypto_user_5526,-1.0,0.0,0.0,1.0,-1.0,0.5
BTC fundamentals are stronger than ever. Buy the dip!,BTC fundamentals are stronger than ever. Buy the dip!,2025-03-12 22:33:54+00:00,crypto_user_9982,1.0,1.0,0.0,0.0,1.0,0.5
Comparing BTC to other cryptocurrencies. Mixed results.,Comparing BTC to other cryptocurrencies. Mixed results.,2025-01-29 10:26:14+00:00,crypto_user_6684,0.0,0.5,1.0,0.5,0.0,0.5
Monitoring BTC price action. No clear direction yet.,Monitoring BTC price action. No clear direction yet.,2025-03-20 17:25:14+00:00,crypto_user_3199,0.0,0.5,1.0,0.5,0.0,0.5
BTC trading sideways today. Waiting for a breakout.,BTC trading sideways today. Waiting for a breakout.,2025-02-23 13:07:33+00:00,crypto_user_3135,0.0,0.5,1.0,0.5,0.0,0.5
Regulatory concerns for BTC are mounting. Proceed with caution.,Regulatory concerns for BTC are mounting. Proceed with caution.,2025-01-23 13:52:00+00:00,crypto_user_6545,-1.0,0.0,0.0,1.0,-1.0,0.5
The BTC rally was just a dead cat bounce. More downside ahead.,The BTC rally was just a dead cat bounce. More downside ahead.,2025-01-24 19:09:51+00:00,crypto_user_5120,0.0,0.5,0.0,0.5,0.0,0.5
Just sold my BTC. Too much volatility for me.,Just sold my BTC. Too much volatility for me.,2025-03-07 07:41:18+00:00,crypto_user_8407,-1.0,0.0,0.0,1.0,-1.0,0.5
The BTC market is maturing. Expect less volatility.,The BTC market is maturing. Expect less volatility.,2025-02-02 05:06:27+00:00,crypto_user_1183,0.0,0.5,1.0,0.5,0.0,0.5
BTC volatility has decreased recently. Consolidation phase?,BTC volatility has decreased recently. Consolidation phase?,2025-03-14 18:52:06+00:00,crypto_user_6867,0.0,0.5,1.0,0.5,0.0,0.5
Just sold my BTC. Too much volatility for me.,Just sold my BTC. Too much volatility for me.,2025-01-30 01:20:33+00:00,crypto_user_1306,-1.0,0.0,0.0,1.0,-1.0,0.5
Analyzing BTC on-chain metrics. Data is inconclusive.,Analyzing BTC on-chain metrics. Data is inconclusive.,2025-03-04 16:56:44+00:00,crypto_user_3490,0.0,0.5,1.0,0.5,0.0,0.5
Long-term BTC holders will be rewarded. Patience pays!,Long-term BTC holders will be rewarded. Patience pays!,2025-03-09 16:21:15+00:00,crypto_user_9989,1.0,1.0,0.0,0.0,1.0,0.5
The BTC market is maturing. Expect less volatility.,The BTC market is maturing. Expect less volatility.,2025-03-09 07:42:01+00:00,crypto_user_8342,0.0,0.5,1.0,0.5,0.0,0.5
Accumulating BTC at these levels is a no-brainer.,Accumulating BTC at these levels is a no-brainer.,2025-03-16 06:59:13+00:00,crypto_user_7112,1.0,1.0,0.0,0.0,1.0,0.5
BTC fundamentals are stronger than ever. Buy the dip!,BTC fundamentals are stronger than ever. Buy the dip!,2025-02-04 14:25:46+00:00,crypto_user_3414,1.0,1.0,0.0,0.0,1.0,0.5
Just bought more BTC! Expecting a rally to ${price},Just bought more BTC! Expecting a rally to ${price},2025-03-10 03:32:45+00:00,crypto_user_6963,1.0,1.0,0.0,0.0,1.0,0.5
The BTC bubble is about to burst. Get out while you can!,The BTC bubble is about to burst. Get out while you can!,2025-02-14 13:58:38+00:00,crypto_user_8534,-1.0,0.0,0.0,1.0,-1.0,0.5
Fundamentals don't support current BTC valuation. Overpriced!,Fundamentals don't support current BTC valuation. Overpriced!,2025-03-17 21:29:10+00:00,crypto_user_8877,0.0,0.5,0.0,0.5,0.0,0.5
BTC volume declining. Not a good sign.,BTC volume declining. Not a good sign.,2025-01-30 10:32:11+00:00,crypto_user_1541,-1.0,0.0,0.0,1.0,-1.0,0.5
The BTC market is maturing. Expect less volatility.,The BTC market is maturing. Expect less volatility.,2025-02-26 01:54:58+00:00,crypto_user_6681,0.0,0.5,1.0,0.5,0.0,0.5
Regulatory concerns for BTC are mounting. Proceed with caution.,Regulatory concerns for BTC are mounting. Proceed with caution.,2025-03-22 00:19:29+00:00,crypto_user_3748,-1.0,0.0,0.0,1.0,-1.0,0.5
The BTC rally was just a dead cat bounce. More downside ahead.,The BTC rally was just a dead cat bounce. More downside ahead.,2025-01-26 09:43:52+00:00,crypto_user_6428,0.0,0.5,0.0,0.5,0.0,0.5
The BTC bubble is about to burst. Get out while you can!,The BTC bubble is about to burst. Get out while you can!,2025-02-08 20:00:04+00:00,crypto_user_6790,-1.0,0.0,0.0,1.0,-1.0,0.5
Historical BTC patterns suggest we're in uncharted territory.,Historical BTC patterns suggest we're in uncharted territory.,2025-03-17 16:10:18+00:00,crypto_user_3909,0.0,0.5,1.0,0.5,0.0,0.5
This BTC rally is just getting started! ðŸš€,This BTC rally is just getting started! ðŸš€,2025-01-25 15:46:43+00:00,crypto_user_9083,1.0,1.0,0.0,0.0,1.0,0.5
The BTC ecosystem is growing rapidly. Very optimistic!,The BTC ecosystem is growing rapidly. Very optimistic!,2025-02-14 03:06:18+00:00,crypto_user_3147,1.0,1.0,0.0,0.0,1.0,0.5
Long-term BTC holders will be rewarded. Patience pays!,Long-term BTC holders will be rewarded. Patience pays!,2025-02-02 06:06:38+00:00,crypto_user_9338,1.0,1.0,0.0,0.0,1.0,0.5
Fundamentals don't support current BTC valuation. Overpriced!,Fundamentals don't support current BTC valuation. Overpriced!,2025-03-06 10:16:40+00:00,crypto_user_9150,0.0,0.5,0.0,0.5,0.0,0.5
BTC volume declining. Not a good sign.,BTC volume declining. Not a good sign.,2025-01-24 14:28:15+00:00,crypto_user_1917,-1.0,0.0,0.0,1.0,-1.0,0.5
Technical indicators show BTC is overbought. Correction incoming.,Technical indicators show BTC is overbought. Correction incoming.,2025-03-17 20:50:17+00:00,crypto_user_4657,-1.0,0.0,0.0,1.0,-1.0,0.5
BTC fundamentals are stronger than ever. Buy the dip!,BTC fundamentals are stronger than ever. Buy the dip!,2025-03-10 00:00:27+00:00,crypto_user_7983,1.0,1.0,0.0,0.0,1.0,0.5
Technical indicators show BTC is overbought. Correction incoming.,Technical indicators show BTC is overbought. Correction incoming.,2025-01-29 00:30:53+00:00,crypto_user_5637,-1.0,0.0,0.0,1.0,-1.0,0.5
The BTC market is maturing. Expect less volatility.,The BTC market is maturing. Expect less volatility.,2025-02-17 06:54:15+00:00,crypto_user_9436,0.0,0.5,1.0,0.5,0.0,0.5
Regulatory concerns for BTC are mounting. Proceed with caution.,Regulatory concerns for BTC are mounting. Proceed with caution.,2025-02-09 14:29:21+00:00,crypto_user_3182,-1.0,0.0,0.0,1.0,-1.0,0.5
BTC trading sideways today. Waiting for a breakout.,BTC trading sideways today. Waiting for a breakout.,2025-01-26 02:46:31+00:00,crypto_user_2753,0.0,0.5,1.0,0.5,0.0,0.5
Interesting developments in the BTC ecosystem.,Interesting developments in the BTC ecosystem.,2025-02-20 00:17:19+00:00,crypto_user_9190,0.0,0.5,1.0,0.5,0.0,0.5
The future is bright for BTC. New ATH coming soon!,The future is bright for BTC. New ATH coming soon!,2025-02-26 20:42:26+00:00,crypto_user_4601,1.0,1.0,0.0,0.0,1.0,0.5
BTC fundamentals are stronger than ever. Buy the dip!,BTC fundamentals are stronger than ever. Buy the dip!,2025-02-15 07:33:24+00:00,crypto_user_7359,1.0,1.0,0.0,0.0,1.0,0.5
Interesting developments in the BTC ecosystem.,Interesting developments in the BTC ecosystem.,2025-03-15 00:03:20+00:00,crypto_user_3852,0.0,0.5,1.0,0.5,0.0,0.5
BTC trading sideways today. Waiting for a breakout.,BTC trading sideways today. Waiting for a breakout.,2025-01-22 15:53:00+00:00,crypto_user_1982,0.0,0.5,1.0,0.5,0.0,0.5
This BTC rally is just getting started! ðŸš€,This BTC rally is just getting started! ðŸš€,2025-02-21 23:16:37+00:00,crypto_user_2184,1.0,1.0,0.0,0.0,1.0,0.5
Institutional adoption of BTC is increasing. Bullish!,Institutional adoption of BTC is increasing. Bullish!,2025-03-16 22:32:08+00:00,crypto_user_1244,1.0,1.0,0.0,0.0,1.0,0.5
This BTC rally is just getting started! ðŸš€,This BTC rally is just getting started! ðŸš€,2025-01-25 16:24:04+00:00,crypto_user_9901,1.0,1.0,0.0,0.0,1.0,0.5
Interesting developments in the BTC ecosystem.,Interesting developments in the BTC ecosystem.,2025-02-08 18:21:27+00:00,crypto_user_4773,0.0,0.5,1.0,0.5,0.0,0.5
Whales dumping BTC. Price manipulation is real.,Whales dumping BTC. Price manipulation is real.,2025-02-27 06:34:00+00:00,crypto_user_9557,-1.0,0.0,0.0,1.0,-1.0,0.5
This BTC rally is just getting started! ðŸš€,This BTC rally is just getting started! ðŸš€,2025-03-11 22:39:52+00:00,crypto_user_4846,1.0,1.0,0.0,0.0,1.0,0.5
The BTC market is maturing. Expect less volatility.,The BTC market is maturing. Expect less volatility.,2025-02-26 11:08:44+00:00,crypto_user_2653,0.0,0.5,1.0,0.5,0.0,0.5
Long-term BTC holders will be rewarded. Patience pays!,Long-term BTC holders will be rewarded. Patience pays!,2025-01-31 14:39:05+00:00,crypto_user_4691,1.0,1.0,0.0,0.0,1.0,0.5
Institutional adoption of BTC is increasing. Bullish!,Institutional adoption of BTC is increasing. Bullish!,2025-03-06 19:44:33+00:00,crypto_user_8650,1.0,1.0,0.0,0.0,1.0,0.5
BTC breaking key support levels. Be careful!,BTC breaking key support levels. Be careful!,2025-02-19 21:19:08+00:00,crypto_user_4795,0.0,0.5,0.0,0.5,0.0,0.5
BTC volatility has decreased recently. Consolidation phase?,BTC volatility has decreased recently. Consolidation phase?,2025-02-18 14:01:48+00:00,crypto_user_2594,0.0,0.5,1.0,0.5,0.0,0.5
BTC volume declining. Not a good sign.,BTC volume declining. Not a good sign.,2025-03-11 14:13:37+00:00,crypto_user_3335,-1.0,0.0,0.0,1.0,-1.0,0.5
BTC looking bullish today! Price target ${price},BTC looking bullish today! Price target ${price},2025-01-21 07:26:16+00:00,crypto_user_4092,1.0,1.0,0.0,0.0,1.0,0.5
The BTC market is maturing. Expect less volatility.,The BTC market is maturing. Expect less volatility.,2025-03-13 21:21:08+00:00,crypto_user_6937,0.0,0.5,1.0,0.5,0.0,0.5
BTC looking bullish today! Price target ${price},BTC looking bullish today! Price target ${price},2025-01-22 14:32:31+00:00,crypto_user_9987,1.0,1.0,0.0,0.0,1.0,0.5
BTC looking bearish. Might drop to ${price},BTC looking bearish. Might drop to ${price},2025-02-26 11:23:23+00:00,crypto_user_9621,-1.0,0.0,0.0,1.0,-1.0,0.5
BTC trading sideways today. Waiting for a breakout.,BTC trading sideways today. Waiting for a breakout.,2025-01-21 23:21:10+00:00,crypto_user_6417,0.0,0.5,1.0,0.5,0.0,0.5
Whales dumping BTC. Price manipulation is real.,Whales dumping BTC. Price manipulation is real.,2025-02-09 10:02:25+00:00,crypto_user_2286,-1.0,0.0,0.0,1.0,-1.0,0.5
Analyzing BTC on-chain metrics. Data is inconclusive.,Analyzing BTC on-chain metrics. Data is inconclusive.,2025-03-11 08:54:01+00:00,crypto_user_4495,0.0,0.5,1.0,0.5,0.0,0.5
This BTC rally is just getting started! ðŸš€,This BTC rally is just getting started! ðŸš€,2025-03-09 20:19:00+00:00,crypto_user_6190,1.0,1.0,0.0,0.0,1.0,0.5
Fundamentals don't support current BTC valuation. Overpriced!,Fundamentals don't support current BTC valuation. Overpriced!,2025-02-17 06:17:54+00:00,crypto_user_1018,0.0,0.5,0.0,0.5,0.0,0.5
The BTC bubble is about to burst. Get out while you can!,The BTC bubble is about to burst. Get out while you can!,2025-02-23 02:46:32+00:00,crypto_user_6746,-1.0,0.0,0.0,1.0,-1.0,0.5
Interesting developments in the BTC ecosystem.,Interesting developments in the BTC ecosystem.,2025-01-27 11:24:06+00:00,crypto_user_8488,0.0,0.5,1.0,0.5,0.0,0.5
Long-term BTC holders will be rewarded. Patience pays!,Long-term BTC holders will be rewarded. Patience pays!,2025-02-06 23:47:40+00:00,crypto_user_1899,1.0,1.0,0.0,0.0,1.0,0.5
BTC looking bullish today! Price target ${price},BTC looking bullish today! Price target ${price},2025-02-11 02:55:37+00:00,crypto_user_2855,1.0,1.0,0.0,0.0,1.0,0.5
Long-term BTC holders will be rewarded. Patience pays!,Long-term BTC holders will be rewarded. Patience pays!,2025-03-13 02:04:07+00:00,crypto_user_4399,1.0,1.0,0.0,0.0,1.0,0.5
The BTC ecosystem is growing rapidly. Very optimistic!,The BTC ecosystem is growing rapidly. Very optimistic!,2025-02-28 12:40:37+00:00,crypto_user_6344,1.0,1.0,0.0,0.0,1.0,0.5
The BTC market is maturing. Expect less volatility.,The BTC market is maturing. Expect less volatility.,2025-02-17 23:29:38+00:00,crypto_user_3721,0.0,0.5,1.0,0.5,0.0,0.5
Institutional adoption of BTC is increasing. Bullish!,Institutional adoption of BTC is increasing. Bullish!,2025-02-18 21:05:37+00:00,crypto_user_3772,1.0,1.0,0.0,0.0,1.0,0.5
